[
null,
{"id":1,"atypeId":3,"description":"","etypeId":2,"traits":[{"code":22,"dataId":1,"value":0}],"iconIndex":135,"name":"Pelt Garb","note":"<Tame>\nRate: +5\n</Tame>","params":[0,0,0,25,0,0,0,0],"price":300},
{"id":2,"atypeId":3,"description":"","etypeId":2,"traits":[{"code":22,"dataId":1,"value":0}],"iconIndex":135,"name":"Leather Armor","note":"","params":[0,0,0,10,0,0,0,0],"price":300},
{"id":3,"atypeId":7,"description":"","etypeId":3,"traits":[],"iconIndex":266,"name":"Cockatrice bait","note":"<Tame>\nbaitBonus: 15\n</Tame>","params":[0,0,0,0,0,0,0,0],"price":0}
]