[
null,
{"id":1,"actions":[{"conditionParam1":0,"conditionParam2":0,"conditionType":0,"rating":5,"skillId":7}],"battlerHue":315,"battlerName":"Bat","dropItems":[{"dataId":1,"denominator":1,"kind":0},{"dataId":1,"denominator":1,"kind":0},{"dataId":1,"denominator":1,"kind":0}],"exp":0,"traits":[{"code":22,"dataId":0,"value":0.95},{"code":22,"dataId":1,"value":0.8},{"code":31,"dataId":1,"value":0}],"gold":0,"name":"Bat","note":"Has 10% tame resistance.\n\n<Tame>\nrate: 90\nskills:8\n</Tame>","params":[100,0,5,5,5,5,5,5]},
{"id":2,"actions":[{"conditionParam1":0,"conditionParam2":0,"conditionType":0,"rating":5,"skillId":1},{"conditionParam1":0,"conditionParam2":0,"conditionType":0,"rating":3,"skillId":9}],"battlerHue":315,"battlerName":"Spider","dropItems":[{"dataId":1,"denominator":1,"kind":0},{"dataId":1,"denominator":1,"kind":0},{"dataId":1,"denominator":1,"kind":0}],"exp":0,"traits":[{"code":22,"dataId":0,"value":0.95},{"code":22,"dataId":1,"value":0.05},{"code":31,"dataId":1,"value":0}],"gold":0,"name":"Giant Spider","note":"Has 20% tame resistance.\nNeeds to be between 25% and 75% HP.\n\n<Tame>\nrate: 80\nhp: 25-75\nskills:9\n</Tame>","params":[200,0,15,15,15,15,15,15]},
{"id":3,"actions":[{"conditionParam1":0,"conditionParam2":0,"conditionType":0,"rating":5,"skillId":1},{"conditionParam1":0,"conditionParam2":0,"conditionType":0,"rating":3,"skillId":10}],"battlerHue":0,"battlerName":"Snake","dropItems":[{"dataId":1,"denominator":1,"kind":0},{"dataId":1,"denominator":1,"kind":0},{"dataId":1,"denominator":1,"kind":0}],"exp":0,"traits":[{"code":22,"dataId":0,"value":0.95},{"code":22,"dataId":1,"value":0.05},{"code":31,"dataId":1,"value":0}],"gold":0,"name":"Snake","note":"Has 25% tame resistance.\nNeeds to be calmed.\n\n<Tame>\nrate: 75\nstate: 8\nskills:10\n</Tame>","params":[200,0,20,20,20,20,20,20]},
{"id":4,"actions":[{"conditionParam1":0,"conditionParam2":0,"conditionType":0,"rating":5,"skillId":1},{"conditionParam1":0,"conditionParam2":0,"conditionType":0,"rating":3,"skillId":11}],"battlerHue":0,"battlerName":"Cockatrice","dropItems":[{"dataId":1,"denominator":1,"kind":0},{"dataId":1,"denominator":1,"kind":0},{"dataId":1,"denominator":1,"kind":0}],"exp":0,"traits":[{"code":22,"dataId":0,"value":0.95},{"code":22,"dataId":1,"value":0.05},{"code":31,"dataId":1,"value":0},{"code":14,"dataId":8,"value":1}],"gold":0,"name":"Cockatrice","note":"Has 30% tame resistance.\nRequires cockatrice bait equipped.\n\n<Tame>\nrate: 70\nbait: 3,must\nskills:11\n</Tame>","params":[200,0,30,30,30,30,30,30]},
{"id":5,"actions":[{"conditionParam1":0,"conditionParam2":0,"conditionType":0,"rating":5,"skillId":1},{"conditionParam1":0,"conditionParam2":0,"conditionType":0,"rating":3,"skillId":12}],"battlerHue":0,"battlerName":"Scorpion","dropItems":[{"dataId":1,"denominator":1,"kind":0},{"dataId":1,"denominator":1,"kind":0},{"dataId":1,"denominator":1,"kind":0}],"exp":0,"traits":[{"code":22,"dataId":0,"value":0.95},{"code":22,"dataId":1,"value":0.05},{"code":31,"dataId":1,"value":0}],"gold":0,"name":"Scorpion","note":"Has 60% tame resistance.\nEnrages if taming fails\nWakes up and agitates if taming fails.\n\n<Tame>\nrate: 40\nstate: 7,8\nonFailAddState: 5\nonFailRemoveState: 7,8\nskills:12\n</Tame>","params":[200,0,40,40,40,40,40,40]},
{"id":6,"actions":[{"conditionParam1":0,"conditionParam2":0,"conditionType":0,"rating":5,"skillId":1}],"battlerHue":0,"battlerName":"Hornet","dropItems":[{"dataId":1,"denominator":1,"kind":0},{"dataId":1,"denominator":1,"kind":0},{"dataId":1,"denominator":1,"kind":0}],"exp":0,"traits":[{"code":22,"dataId":0,"value":0.95},{"code":22,"dataId":1,"value":0.05},{"code":31,"dataId":1,"value":0}],"gold":0,"name":"Hornet","note":"Has 20% tame resistance.\n\n<Tame>\nrate: 80\nrelease:13\n</Tame>","params":[1,0,10,10,10,10,50,10]},
{"id":7,"actions":[{"conditionParam1":0,"conditionParam2":0,"conditionType":0,"rating":5,"skillId":1},{"conditionParam1":0,"conditionParam2":0,"conditionType":0,"rating":4,"skillId":11},{"conditionParam1":0,"conditionParam2":0,"conditionType":0,"rating":4,"skillId":12},{"conditionParam1":0,"conditionParam2":0.3,"conditionType":2,"rating":7,"skillId":14}],"battlerHue":0,"battlerName":"Garuda","dropItems":[{"dataId":1,"denominator":1,"kind":0},{"dataId":1,"denominator":1,"kind":0},{"dataId":1,"denominator":1,"kind":0}],"exp":500,"traits":[{"code":22,"dataId":0,"value":0.95},{"code":22,"dataId":1,"value":0.05},{"code":31,"dataId":1,"value":0}],"gold":0,"name":"Garuda","note":"Has 60% tame resistance.\n\n<Tame>\nrate: 40\nhp: 30\nbait: 3\nstates:4,6,8\nskills:14\n</Tame>","params":[2000,0,50,50,50,50,50,50]}
]