[
null,
{"id":1,"animationId":9,"consumable":true,"damage":{"critical":false,"elementId":0,"formula":"0","type":0,"variance":20},"description":"","effects":[{"code":21,"dataId":7,"value1":1,"value2":0}],"hitType":0,"iconIndex":8,"itypeId":1,"name":"Sleep gas bomb","note":"","occasion":1,"price":0,"repeats":1,"scope":2,"speed":0,"successRate":100,"tpGain":0},
{"id":2,"animationId":10,"consumable":true,"damage":{"critical":false,"elementId":0,"formula":"0","type":0,"variance":20},"description":"Sprays pheromone on self to enhance taming","effects":[{"code":21,"dataId":9,"value1":1,"value2":0}],"hitType":0,"iconIndex":180,"itypeId":1,"name":"Pheromones Spray","note":"","occasion":1,"price":0,"repeats":1,"scope":7,"speed":0,"successRate":100,"tpGain":0},
{"id":3,"animationId":11,"consumable":true,"damage":{"critical":false,"elementId":0,"formula":"0","type":0,"variance":20},"description":"","effects":[{"code":11,"dataId":0,"value1":1,"value2":0}],"hitType":0,"iconIndex":176,"itypeId":1,"name":"Health Potion","note":"","occasion":0,"price":0,"repeats":1,"scope":7,"speed":0,"successRate":100,"tpGain":0}
]