[
null,
null,
{"id":2,"expanded":false,"name":"Cave","order":1,"parentId":0,"scrollX":819,"scrollY":461},
{"id":3,"expanded":true,"name":"Easy Tame","order":3,"parentId":0,"scrollX":832,"scrollY":640},
{"id":4,"expanded":false,"name":"Intro","order":2,"parentId":0,"scrollX":832,"scrollY":640},
{"id":5,"expanded":false,"name":"HP range","order":4,"parentId":0,"scrollX":832,"scrollY":640},
{"id":6,"expanded":true,"name":"Drylands","order":5,"parentId":0,"scrollX":832,"scrollY":640},
{"id":7,"expanded":true,"name":"Drylands2","order":6,"parentId":0,"scrollX":819,"scrollY":461},
{"id":8,"expanded":true,"name":"Drylands3","order":7,"parentId":0,"scrollX":832,"scrollY":640},
{"id":9,"expanded":true,"name":"Mountain","order":8,"parentId":0,"scrollX":819,"scrollY":461},
{"id":10,"expanded":true,"name":"MountainTop","order":9,"parentId":0,"scrollX":811,"scrollY":561}
]