[
null,
{"id":1,"animationId":-1,"damage":{"critical":true,"elementId":-1,"formula":"a.atk * 4 - b.def * 2","type":1,"variance":20},"description":"","effects":[{"code":21,"dataId":0,"value1":1,"value2":0}],"hitType":1,"iconIndex":76,"message1":" attacks!","message2":"","mpCost":0,"name":"Attack","note":"Skill #1 will be used when you select\nthe Attack command.","occasion":1,"repeats":1,"requiredWtypeId1":0,"requiredWtypeId2":0,"scope":1,"speed":0,"stypeId":0,"successRate":100,"tpCost":0,"tpGain":10},
{"id":2,"animationId":0,"damage":{"critical":false,"elementId":0,"formula":"0","type":0,"variance":20},"description":"","effects":[{"code":21,"dataId":2,"value1":1,"value2":0}],"hitType":0,"iconIndex":81,"message1":" guards.","message2":"","mpCost":0,"name":"Guard","note":"Skill #2 will be used when you select\nthe Guard command.","occasion":1,"repeats":1,"requiredWtypeId1":0,"requiredWtypeId2":0,"scope":11,"speed":2000,"stypeId":0,"successRate":100,"tpCost":0,"tpGain":10},
{"id":3,"animationId":0,"damage":{"critical":false,"elementId":0,"formula":"v[1]=b.enemyId();v[2]=a;","type":0,"variance":20},"description":"Attempts to tame a monster.","effects":[{"code":44,"dataId":1,"value1":1,"value2":0},{"code":21,"dataId":12,"value1":1,"value2":0}],"hitType":0,"iconIndex":5,"message1":" uses %1!","message2":"","mpCost":0,"name":"Tame","note":"","occasion":1,"repeats":1,"requiredWtypeId1":0,"requiredWtypeId2":0,"scope":1,"speed":0,"stypeId":2,"successRate":100,"tpCost":0,"tpGain":0},
{"id":4,"animationId":1,"damage":{"critical":false,"elementId":0,"formula":"0","type":0,"variance":20},"description":"Calms a monster.\n+5 taming rate.","effects":[{"code":21,"dataId":8,"value1":1,"value2":0}],"hitType":0,"iconIndex":74,"message1":" uses %1!","message2":"","mpCost":0,"name":"Calm","note":"","occasion":1,"repeats":1,"requiredWtypeId1":0,"requiredWtypeId2":0,"scope":1,"speed":0,"stypeId":2,"successRate":100,"tpCost":0,"tpGain":0},
{"id":5,"animationId":0,"damage":{"critical":false,"elementId":0,"formula":"0","type":0,"variance":20},"description":"Release captured monster.","effects":[{"code":44,"dataId":2,"value1":1,"value2":0}],"hitType":0,"iconIndex":5,"message1":"","message2":"","mpCost":0,"name":"Release","note":"","occasion":1,"repeats":1,"requiredWtypeId1":0,"requiredWtypeId2":0,"scope":0,"speed":0,"stypeId":2,"successRate":100,"tpCost":0,"tpGain":0},
{"id":6,"animationId":0,"damage":{"critical":false,"elementId":0,"formula":"0","type":0,"variance":20},"description":"","effects":[],"hitType":0,"iconIndex":0,"message1":"","message2":"","mpCost":0,"name":"","note":"","occasion":0,"repeats":1,"requiredWtypeId1":0,"requiredWtypeId2":0,"scope":1,"speed":0,"stypeId":1,"successRate":100,"tpCost":0,"tpGain":0},
{"id":7,"animationId":0,"damage":{"critical":false,"elementId":0,"formula":"0","type":0,"variance":20},"description":"","effects":[],"hitType":0,"iconIndex":0,"message1":" flies around","message2":"","mpCost":0,"name":"__flies_around__","note":"","occasion":0,"repeats":1,"requiredWtypeId1":0,"requiredWtypeId2":0,"scope":0,"speed":0,"stypeId":0,"successRate":100,"tpCost":0,"tpGain":0},
{"id":8,"animationId":2,"damage":{"critical":false,"elementId":0,"formula":"0","type":0,"variance":20},"description":"Chances of confusing an enemy.","effects":[{"code":21,"dataId":6,"value1":0.6,"value2":0}],"hitType":0,"iconIndex":6,"message1":" uses %1!","message2":"","mpCost":0,"name":"Ultrasound","note":"","occasion":1,"repeats":1,"requiredWtypeId1":0,"requiredWtypeId2":0,"scope":1,"speed":0,"stypeId":2,"successRate":100,"tpCost":0,"tpGain":0},
{"id":9,"animationId":3,"damage":{"critical":false,"elementId":0,"formula":"0","type":0,"variance":20},"description":"Traps an enemy in a sticky web.\nDebuffs agility.","effects":[{"code":32,"dataId":6,"value1":5,"value2":0}],"hitType":0,"iconIndex":54,"message1":" spins a web!","message2":"","mpCost":0,"name":"Web","note":"","occasion":1,"repeats":1,"requiredWtypeId1":0,"requiredWtypeId2":0,"scope":1,"speed":0,"stypeId":2,"successRate":100,"tpCost":0,"tpGain":0},
{"id":10,"animationId":4,"damage":{"critical":false,"elementId":1,"formula":"(a.atk*5 - b.def*2) + a.atk","type":1,"variance":20},"description":"A wide tail wag that hits all enemies.","effects":[],"hitType":1,"iconIndex":78,"message1":" uses %1!","message2":"","mpCost":0,"name":"Tail slap","note":"","occasion":1,"repeats":1,"requiredWtypeId1":0,"requiredWtypeId2":0,"scope":2,"speed":0,"stypeId":2,"successRate":100,"tpCost":0,"tpGain":0},
{"id":11,"animationId":5,"damage":{"critical":false,"elementId":6,"formula":"a.atk*5 - b.def","type":1,"variance":20},"description":"Throws a huge rock at the enemy","effects":[],"hitType":1,"iconIndex":68,"message1":" throws a rock!","message2":"","mpCost":0,"name":"Rock throw","note":"","occasion":1,"repeats":1,"requiredWtypeId1":0,"requiredWtypeId2":0,"scope":1,"speed":0,"stypeId":2,"successRate":100,"tpCost":0,"tpGain":0},
{"id":12,"animationId":6,"damage":{"critical":false,"elementId":0,"formula":"a.atk * 4 - b.def * 2","type":1,"variance":20},"description":"A swift move that hits twice.","effects":[],"hitType":1,"iconIndex":78,"message1":" uses %1!","message2":"","mpCost":0,"name":"Double Claw","note":"","occasion":1,"repeats":2,"requiredWtypeId1":0,"requiredWtypeId2":0,"scope":1,"speed":0,"stypeId":2,"successRate":100,"tpCost":0,"tpGain":0},
{"id":13,"animationId":7,"damage":{"critical":false,"elementId":0,"formula":"a.atk","type":1,"variance":20},"description":"","effects":[{"code":21,"dataId":4,"value1":1,"value2":0}],"hitType":0,"iconIndex":5,"message1":" releases a Hornet!","message2":"","mpCost":0,"name":"Release: Hornet","note":"","occasion":1,"repeats":1,"requiredWtypeId1":0,"requiredWtypeId2":0,"scope":2,"speed":0,"stypeId":2,"successRate":100,"tpCost":0,"tpGain":0},
{"id":14,"animationId":8,"damage":{"critical":false,"elementId":7,"formula":"a.atk*6 - b.def","type":1,"variance":20},"description":"Create a dangerous tornados hitting all enemies.","effects":[],"hitType":1,"iconIndex":69,"message1":" uses %1!","message2":"","mpCost":0,"name":"Tornado","note":"","occasion":1,"repeats":1,"requiredWtypeId1":0,"requiredWtypeId2":0,"scope":2,"speed":0,"stypeId":2,"successRate":100,"tpCost":0,"tpGain":0}
]