[
null,
{"id":1,"autoRemovalTiming":0,"chanceByDamage":100,"iconIndex":1,"maxTurns":1,"message1":" has fallen!","message2":" is slain!","message3":"","message4":" revives!","minTurns":1,"motion":3,"name":"Knockout","note":"State #1 will be automatically added when\nHP reaches 0.","overlay":0,"priority":100,"releaseByDamage":false,"removeAtBattleEnd":false,"removeByDamage":false,"removeByRestriction":false,"removeByWalking":false,"restriction":4,"stepsToRemove":100,"traits":[{"code":23,"dataId":9,"value":0}]},
{"id":2,"autoRemovalTiming":2,"chanceByDamage":100,"description":"","iconIndex":0,"maxTurns":1,"message1":"","message2":"","message3":"","message4":"","minTurns":1,"motion":0,"name":"Guard","note":"","overlay":0,"priority":0,"removeAtBattleEnd":true,"removeByDamage":false,"removeByRestriction":true,"removeByWalking":false,"restriction":0,"stepsToRemove":100,"traits":[{"code":62,"dataId":1,"value":0}]},
{"id":3,"autoRemovalTiming":0,"chanceByDamage":100,"description":"","iconIndex":0,"maxTurns":1,"message1":"","message2":"","message3":"","message4":"","minTurns":1,"motion":0,"name":"Immortal","note":"","overlay":0,"priority":0,"removeAtBattleEnd":true,"removeByDamage":false,"removeByRestriction":false,"removeByWalking":false,"restriction":0,"stepsToRemove":100,"traits":[{"code":14,"dataId":1,"value":0}]},
{"id":4,"autoRemovalTiming":0,"chanceByDamage":100,"iconIndex":2,"maxTurns":1,"message1":" is poisoned!","message2":" is poisoned!","message3":"","message4":" is no longer poisoned!","minTurns":1,"motion":1,"overlay":1,"name":"Poison","note":"","priority":50,"releaseByDamage":false,"removeAtBattleEnd":false,"removeByDamage":false,"removeByRestriction":false,"removeByWalking":false,"restriction":0,"stepsToRemove":100,"traits":[{"code":22,"dataId":7,"value":-0.03}]},
{"id":5,"autoRemovalTiming":1,"chanceByDamage":50,"iconIndex":5,"maxTurns":4,"message1":" is enraged!","message2":" is enraged!","message3":"","message4":" is no longer enraged!","minTurns":2,"motion":1,"name":"Rage","note":"<Tame>\nRate: -200\n</Tame>","overlay":4,"priority":70,"releaseByDamage":false,"removeAtBattleEnd":true,"removeByDamage":true,"removeByRestriction":false,"removeByWalking":false,"restriction":1,"stepsToRemove":100,"traits":[{"code":14,"dataId":8,"value":1},{"code":21,"dataId":2,"value":1.5}]},
{"id":6,"autoRemovalTiming":1,"chanceByDamage":50,"iconIndex":6,"maxTurns":5,"message1":" is confused!","message2":" is confused!","message3":"","message4":" is no longer confused!","minTurns":5,"motion":1,"name":"Confusion","note":"","overlay":5,"priority":75,"releaseByDamage":false,"removeAtBattleEnd":true,"removeByDamage":true,"removeByRestriction":false,"removeByWalking":false,"restriction":2,"stepsToRemove":100,"traits":[]},
{"id":7,"autoRemovalTiming":1,"chanceByDamage":100,"iconIndex":8,"maxTurns":5,"message1":" falls asleep!","message2":" falls asleep!","message3":" is sleeping.","message4":" wakes up!","minTurns":5,"motion":2,"name":"Sleep","note":"<Tame>\nRate: +5\n</Tame>","overlay":7,"priority":90,"releaseByDamage":true,"removeAtBattleEnd":true,"removeByDamage":true,"removeByRestriction":false,"removeByWalking":false,"restriction":4,"stepsToRemove":100,"traits":[{"code":22,"dataId":1,"value":-1}]},
{"id":8,"autoRemovalTiming":2,"chanceByDamage":100,"traits":[{"code":21,"dataId":2,"value":0.8}],"iconIndex":0,"maxTurns":5,"message1":" is calming","message2":" is calming","message3":"","message4":" is no longer calm","minTurns":5,"motion":0,"name":"Calm","note":"<Tame>\nRate: +5\n</Tame>","overlay":0,"priority":50,"removeAtBattleEnd":true,"removeByDamage":true,"removeByRestriction":false,"removeByWalking":false,"restriction":0,"stepsToRemove":100},
{"id":9,"autoRemovalTiming":0,"chanceByDamage":100,"traits":[],"iconIndex":0,"maxTurns":1,"message1":" sprays pheromones!","message2":"","message3":"","message4":"","minTurns":1,"motion":0,"name":"Pheromones","note":"<Tame>\nRate: +5\n</Tame>","overlay":0,"priority":50,"removeAtBattleEnd":true,"removeByDamage":false,"removeByRestriction":false,"removeByWalking":false,"restriction":0,"stepsToRemove":100}
]