[
null,
{"id":1,"members":[{"enemyId":1,"x":135,"y":313,"hidden":false}],"name":"Bat","pages":[{"conditions":{"actorHp":50,"actorId":1,"actorValid":false,"enemyHp":50,"enemyIndex":0,"enemyValid":false,"switchId":1,"switchValid":false,"turnA":0,"turnB":0,"turnEnding":false,"turnValid":false},"list":[{"code":0,"indent":0,"parameters":[]}],"span":0}]},
{"id":2,"members":[{"enemyId":2,"x":156,"y":346,"hidden":false}],"name":"Giant Spider","pages":[{"conditions":{"actorHp":50,"actorId":1,"actorValid":false,"enemyHp":50,"enemyIndex":0,"enemyValid":false,"switchId":1,"switchValid":false,"turnA":1,"turnB":1,"turnEnding":true,"turnValid":true},"list":[{"code":122,"indent":0,"parameters":[1,1,0,3,4,0,2]},{"code":122,"indent":0,"parameters":[2,2,0,3,4,0,0]},{"code":122,"indent":0,"parameters":[2,2,3,0,100]},{"code":122,"indent":0,"parameters":[2,2,4,1,1]},{"code":111,"indent":0,"parameters":[1,2,0,75,2]},{"code":111,"indent":1,"parameters":[1,2,0,25,1]},{"code":101,"indent":2,"parameters":["Trainer",0,0,2]},{"code":401,"indent":2,"parameters":["Trainer:"]},{"code":401,"indent":2,"parameters":["Try taming the spider now."]},{"code":0,"indent":2,"parameters":[]},{"code":411,"indent":1,"parameters":[]},{"code":101,"indent":2,"parameters":["Trainer",0,0,2]},{"code":401,"indent":2,"parameters":["Trainer:"]},{"code":401,"indent":2,"parameters":["You've hit it too hard, it will fight to"]},{"code":401,"indent":2,"parameters":["the death now."]},{"code":0,"indent":2,"parameters":[]},{"code":412,"indent":1,"parameters":[]},{"code":0,"indent":1,"parameters":[]},{"code":411,"indent":0,"parameters":[]},{"code":0,"indent":1,"parameters":[]},{"code":412,"indent":0,"parameters":[]},{"code":0,"indent":0,"parameters":[]}],"span":1}]},
{"id":3,"members":[{"enemyId":3,"x":135,"y":331,"hidden":false}],"name":"Snake","pages":[{"conditions":{"actorHp":50,"actorId":1,"actorValid":false,"enemyHp":50,"enemyIndex":0,"enemyValid":false,"switchId":1,"switchValid":false,"turnA":0,"turnB":0,"turnEnding":false,"turnValid":false},"list":[{"code":0,"indent":0,"parameters":[]}],"span":0}]},
{"id":4,"members":[{"enemyId":4,"x":159,"y":331,"hidden":false}],"name":"Cockatrice","pages":[{"conditions":{"actorHp":50,"actorId":1,"actorValid":false,"enemyHp":50,"enemyIndex":0,"enemyValid":false,"switchId":1,"switchValid":false,"turnA":0,"turnB":0,"turnEnding":false,"turnValid":false},"list":[{"code":0,"indent":0,"parameters":[]}],"span":0}]},
{"id":5,"members":[{"enemyId":5,"x":129,"y":346,"hidden":false}],"name":"Scorpion","pages":[{"conditions":{"actorHp":50,"actorId":1,"actorValid":false,"enemyHp":50,"enemyIndex":0,"enemyValid":false,"switchId":1,"switchValid":false,"turnA":0,"turnB":0,"turnEnding":false,"turnValid":false},"list":[{"code":0,"indent":0,"parameters":[]}],"span":0}]},
{"id":6,"members":[{"enemyId":6,"x":135,"y":259,"hidden":false}],"name":"Hornet","pages":[{"conditions":{"actorHp":50,"actorId":1,"actorValid":false,"enemyHp":50,"enemyIndex":0,"enemyValid":false,"switchId":1,"switchValid":false,"turnA":0,"turnB":0,"turnEnding":false,"turnValid":false},"list":[{"code":0,"indent":0,"parameters":[]}],"span":0}]},
{"id":7,"members":[{"enemyId":4,"x":175,"y":444,"hidden":false},{"enemyId":7,"x":246,"y":409,"hidden":false},{"enemyId":4,"x":375,"y":424,"hidden":false}],"name":"Cockatrice*2, Garuda","pages":[{"conditions":{"actorHp":50,"actorId":1,"actorValid":false,"enemyHp":50,"enemyIndex":0,"enemyValid":false,"switchId":1,"switchValid":false,"turnA":0,"turnB":0,"turnEnding":false,"turnValid":false},"list":[{"code":0,"indent":0,"parameters":[]}],"span":0}]},
{"id":8,"members":[{"enemyId":1,"x":349,"y":436,"hidden":false},{"enemyId":1,"x":467,"y":436,"hidden":false}],"name":"Bat*2","pages":[{"conditions":{"actorHp":50,"actorId":1,"actorValid":false,"enemyHp":50,"enemyIndex":0,"enemyValid":false,"switchId":1,"switchValid":false,"turnA":0,"turnB":0,"turnEnding":false,"turnValid":false},"list":[{"code":0,"indent":0,"parameters":[]}],"span":0}]}
]